pais_prod,lug_prod,0
Afganistán,Farah,1
Afganistán,Ghazni,1
Afganistán,Herat,2
Afganistán,Mazari Sharif,3
Albania,Durres,11
Albania,Tirana,19
Alemania,Aachen,100
Alemania,Augsburg,80
Alemania,Bergisch Gladbach,102
Alemania,Berlín,2013
Alemania,Bielefeld,27
Alemania,Bochum,10
Alemania,Bonn,28
Alemania,Bottrop,5
Alemania,Braunschweig,3
Alemania,Bremen,115
Alemania,Bremerhaven,186
Alemania,Cologne,36
Alemania,Darmstadt,3
Alemania,Dortmund,3
Alemania,Dresden,12
Alemania,Duisburg,24
Alemania,Dusseldorf,791
Alemania,Erfurt,5
Alemania,Erlangen,3
Alemania,Essen,4
Alemania,Frankfurt,3613
Alemania,Freiburg Im Breisgau,7
Alemania,Furth,3
Alemania,Gelsenkirchen,2
Alemania,Gottingen,2
Alemania,Hagen,14
Alemania,Hamburgo,1115
Alemania,Hamm,2
Alemania,Hanover,170
Alemania,Heidelberg,7
Alemania,Hildesheim,3
Alemania,Jena,1
Alemania,Karlsruhe,2
Alemania,Kassel,2
Alemania,Kiel,2
Alemania,Koblenz,1
Alemania,Leipzig,12
Alemania,Leverkusen,2
Alemania,Lubeck,2
Alemania,Ludwigshafen,1
Alemania,Magdeburg,13
Alemania,Mainz,9
Alemania,Mannheim,2
Alemania,Moers,1
Alemania,Mulheim,27
Alemania,Munster,5
Alemania,Múnich,1792
Alemania,Neuss,3
Alemania,Núremberg,141
Alemania,Oberhausen,2
Alemania,Osnabruck,3
Alemania,Paderborn,2
Alemania,Recklinghausen,9
Alemania,Regensburg,2
Alemania,Remscheid,1
Alemania,Rostock,5
Alemania,Salzgitter,1
Alemania,Schwerin,2
Alemania,Solingen,1
Alemania,Stuttgart,395
Alemania,Trier,3
Alemania,Ulm,3
Alemania,Wiesbaden,4
Alemania,Wolfsburg,1
Alemania,Wurzburg,2
Andorra,Andorra la Vella,14
Andorra,Canillo,1
Andorra,Escaldes Engordany,1
Angola,Cabinda,1
Angola,Lobito,1
Angola,Luanda,4
Antigua República Yugoslava de Macedonia,Skopje,5
Antigua y Barbuda,Antigua,2
Antigua y Barbuda,Barbuda,2
Antártida,Davis Station,1
Antártida,Dumont D Urville Station,1
Arabia Saudita,Buraydah,14
Arabia Saudita,Dammam,40
Arabia Saudita,Jeddah,8
Arabia Saudita,Mecca,18
Arabia Saudita,Medina,2
Arabia Saudita,Riyadh,9
Argelia,Ain Beida,2
Argelia,Ain Oussera,1
Argelia,Algiers,38
Argelia,Annaba,1
Argelia,Blida,1
Argelia,Messaad,2
Argelia,Ouargla,1
Argentina,Avellaneda,18
Argentina,Bahía Blanca,54
Argentina,Buenos Aires,14509
Argentina,Corrientes,36
Argentina,Córdoba,418
Argentina,La Plata,46
Argentina,Lanús,6
Argentina,Mar del Plata,27
Argentina,Mendoza,317
Argentina,Neuquén,13
Argentina,Quilmes,3
Argentina,Resistencia,12
Argentina,Rosario,529
Argentina,Salta,44
Argentina,San Juan,13
Argentina,San Miguel de Tucumán,18
Argentina,Santa Fe,61
Argentina,Santiago del Estero,7
Armenia,Gyumri,3
Armenia,Vanadzor,1
Armenia,Yerevan,4
Aruba,Aruba,259
Aruba,Barcadera,8
Aruba,Bushiribana,1
Aruba,Druif,1
Aruba,Noord,5
Aruba,Oranjestad,24
Aruba,Santa Cruz,5
Aruba,Sint Nicolaas,3
Australia,Adelaide,58
Australia,Brisbane,156
Australia,Cairns,30
Australia,Canberra,38
Australia,Canberra Queanbeyan,5
Australia,Darwin,8
Australia,Geelong,1
Australia,Gold Coast Tweed,5
Australia,Greater Hobart,1
Australia,Launceston,1
Australia,Melbourne,145
Australia,Newcastle,4
Australia,Perth,25
Australia,Sunshine Coast,1
Australia,Sydney,590
Australia,Toowoomba,1
Australia,Townsville,1
Australia,Wollongong,2
Austria,Graz,45
Austria,Innsbruck,18
Austria,Linz,14
Austria,Salzburg,21
Austria,Vienna,699
Azerbaiyán,Baku,8
Bahamas,Nassau,289
Bangladesh,Barisal,5
Bangladesh,Dhaka,8
Bangladesh,Jhenaidah,1
Bangladesh,Kadamrasul,1
Barbados,Bridgetown,66
Barbados,Christ Church,3
Barbados,Nesfield,3
Barbados,Saint Peter,2
Barbados,Saint Philip,1
Barein,Manama,11
Barein,Riffa,2
Belice,Belice,43
Belice,Belmopan,3
Belice,Corozal,1
Belice,Orange Walk,1
Belice,San Ignacio,2
Benín,Abomey,1
Benín,Bohicon,1
Benín,Cotonou,10
Bermudas,Devonshire,24
Bermudas,Freeport,4
Bermudas,Hamilton,36
Bermudas,Harbour Island,1
Bermudas,Saint George,5
Bermudas,Southampton,1
Bielorrusia,Babruysk,13
Bielorrusia,Baranovichi,2
Bielorrusia,Barysaw,2
Bielorrusia,Brest,8
Bielorrusia,Lida,1
Bielorrusia,Minsk,58
Bielorrusia,Mogilev,2
Bielorrusia,Salihorsk,1
Bielorrusia,Vitebsk,2
Bolivia,Cochabamba,62
Bolivia,El Alto,7
Bolivia,La Paz,1749
Bolivia,Oruro,14
Bolivia,Potosí,6
Bolivia,Santacruz,1024
Bolivia,Sucre,2
Bolivia,Tarija,2
"Bonaire, San Eustaquio y Saba",Bonaire,22
"Bonaire, San Eustaquio y Saba",Dorp Rincon,1
"Bonaire, San Eustaquio y Saba",Kralendijk,3
"Bonaire, San Eustaquio y Saba",Oranjestad,1
"Bonaire, San Eustaquio y Saba",Sint Eustatius,1
Bosnia y Herzegovina,Mostar,1
Bosnia y Herzegovina,Sarajevo,4
Botsuana,Gaborone,3
Brasil,Abaetetuba Para,60
Brasil,Alagoinhas Bahía,42
Brasil,Altamira Para,99
Brasil,Alvorada Río Grande Do Sul,42
Brasil,Americana Sao Paulo,106
Brasil,Ananindeua Para,7
Brasil,Anapolis Goias,3
Brasil,Aparecida de Goiania Goias,2
Brasil,Apucarana Paraná,1
Brasil,Aracaju Sergipe,6
Brasil,Aracatuba Sao Paulo,60
Brasil,Araraquara Sao Paulo,4
Brasil,Araras Sao Paulo,31
Brasil,Atibaia Sao Paulo,10
Brasil,Bage Río Grande Do Sul,50
Brasil,Barra Mansa Río de Janeiro,11
Brasil,Barretos Sao Paulo,9
Brasil,Barueri Sao Paulo,6
Brasil,Bauru Sao Paulo,26
Brasil,Belem Para,11
Brasil,Belford Roxo Río de Janeiro,8
Brasil,Belo Horizonte Minas Gerais,172
Brasil,Blumenau Santa Catarina,1
Brasil,Boa Vista Roraima,6
Brasil,Braganca Paulista Sao Paulo,6
Brasil,Brasilia,433
Brasil,Cabo De Santo Agostinho Pernambuco,1
Brasil,Cabo Frio Río De Janeiro,20
Brasil,Camacari Bahía,1
Brasil,Campina Grande Paraiba,2
Brasil,Campinas Sao Paulo,3
Brasil,Campo Grande Mato Grosso Do Sul,7
Brasil,Cascavel Paraná,1
Brasil,Catanduva Sao Paulo,1
Brasil,Chapeco Santa Catarina,2
Brasil,Contagem Minas Gerais,1
Brasil,Criciuma Santa Catarina,6
Brasil,Cubatao Sao Paulo,3
Brasil,Cuiabá Mato Grosso,2
Brasil,Curitiba Paraná,143
Brasil,Diadema Sao Paulo,3
Brasil,Embu Das Artes Sao Paulo,1
Brasil,Ferraz de Vasconcelos Sao Paulo,1
Brasil,Florianópolis Santa Catarina,65
Brasil,Fortaleza Ceara,52
Brasil,Foz Do Iguazú Parana,294
Brasil,Goiania Goias,5
Brasil,Gravatai Río Grande Do Sul,4
Brasil,Guarapuava Sao Paulo,13
Brasil,Guaratingueta Sao Paulo,1
Brasil,Guaruja Sao Paulo,22
Brasil,Guarulhos Sao Paulo,231
Brasil,Hortolandia Sao Paulo,4
Brasil,Ibirite Minas Gerais,5
Brasil,Ilheus Bahía,7
Brasil,Imperatriz Maranhao,2
Brasil,Indaiatuba Sao Paulo,2
Brasil,Ipatinga Minas Gerais,4
Brasil,Itaborai Río De Janeiro,3
Brasil,Itabuna Bahía,1
Brasil,Itapevi Sao Paulo,1
Brasil,Itu Sao Paulo,2
Brasil,Jaboatao Dos Guararapes Pernambuco,1
Brasil,Joao Pessoa Paraiba,3
Brasil,Lages Santa Catarina,3
Brasil,Limeira Sao Paulo,1
Brasil,Londrina Parana,2
Brasil,Macae Río de Janeiro,8
Brasil,Maceio Alagoas,1
Brasil,Mage Río de Janeiro,4
Brasil,Manaos Amazonas,94
Brasil,Maraba Para,1
Brasil,Maringa Parana,7
Brasil,Maua Sao Paulo,4
Brasil,Mogi Guacu Sao Paulo,1
Brasil,Natal Río Grande Do Norte,20
Brasil,Nilopolis Río de Janeiro,2
Brasil,Niteroi Río de Janeiro,1
Brasil,Nova Iguacu Río de Janeiro,8
Brasil,Olinda Pernambuco,9
Brasil,Osasco Sao Paulo,4
Brasil,Palmas Tocantins,8
Brasil,Paranagua Parana,13
Brasil,Passo Fundo Río Grande Do Sul,3
Brasil,Pelotas Río Grande Do Sul,1
Brasil,Petrolina Pernambuco,5
Brasil,Pindamonhangaba Sao Paulo,1
Brasil,Pinhais Parana,1
Brasil,Porto Alegre Río Grande Do Sul,371
Brasil,Pouso Alegre Minas Gerais,4
Brasil,Queimados Río De Janeiro,1
Brasil,Recife Pernambuco,49
Brasil,Resende Río De Janeiro,7
Brasil,Ribeirao Das Neves Sao Paulo,10
Brasil,Río Branco Acre,97
Brasil,Río Claro Sao Paulo,5
Brasil,Río De Janeiro,2115
Brasil,Sabara Minas Gerais,17
Brasil,Salvador Bahía,62
Brasil,Santa Bárbara Doeste Sao Paulo,17
Brasil,Santa Cruz Do Sul,2
Brasil,Santa Luzia Minas Gerais,2
Brasil,Santa Maria Río Grande Do Sul,1
Brasil,Santa Rita Paraiba,6
Brasil,Santo Andre Sao Paulo,4
Brasil,Santos Sao Paulo,156
Brasil,Sao Bernardo Do Campo Sao Paulo,402
Brasil,Sao Caetano Do Sul Sao Paulo,13
Brasil,Sao Carlos Sao Paulo,45
Brasil,Sao Goncalo Río de Janeiro,7
Brasil,Sao Joao de Meriti Río De Janeiro,1
Brasil,Sao Jose Do Río Preto Sao Paulo,3
Brasil,Sao Jose Dos Campos Sao Paulo,3
Brasil,Sao Jose Santa Catarina,1
Brasil,Sao Jose de Ribamar Maranhao,4
Brasil,Sao Leopoldo Río Grande Do Sul,3
Brasil,Sao Luis Maranhao,3
Brasil,Sao Paulo,8752
Brasil,Sao Vicente Sao Paulo,9
Brasil,Sapucaia Do Sul Río Grande Do Sul,6
Brasil,Sertaozinho Sao Paulo,1
Brasil,Sobral Ceara,27
Brasil,Sorocaba Sao Paulo,4
Brasil,Sumare Sao Paulo,2
Brasil,Suzano Sao Paulo,14
Brasil,Taboao Da Serra Sao Paulo,4
Brasil,Tatui Sao Paulo,1
Brasil,Teixeira de Freitas,1
Brasil,Teresina Piaui,2
Brasil,Teresopolis Río de Janeiro,3
Brasil,Timón Maranhao,1
Brasil,Toledo Parana,1
Brasil,Uberlandia Minas Gerais,1
Brasil,Vitoria Da Conquista Bahía,13
Brasil,Vitoria Espirito Santo,14
Brunei Darussalam,Kuala Belait,1
Bulgaria,Burgas,8
Bulgaria,Pleven,6
Bulgaria,Plovdiv,4
Bulgaria,Ruse,2
Bulgaria,Sofía,53
Bulgaria,Stara Zagora,3
Bulgaria,Varan,3
Burkina Faso,Bobo Dioulasso,4
Bélgica,Antwerp,39
Bélgica,Bruges,207
Bélgica,Brussels,1628
Bélgica,Charleroi,1
Bélgica,Ghent,8
Bélgica,Liege,16
Bélgica,Namur,3
Bélgica,Schaerbeek,8
Cabo Verde,Praia,10
Camboya,Phnompenh,6
Camerún,Bafoussam,1
Camerún,Bamenda,1
Camerún,Douala,4
Canadá,Abbotsford,48
Canadá,Ajax,18
Canadá,Barrie,79
Canadá,Brampton,61
Canadá,Burlington,30
Canadá,Burnaby,7
Canadá,Calgary,624
Canadá,Cambridge,15
Canadá,Chatham Kent,1
Canadá,Coquitlam,7
Canadá,Edmonton,288
Canadá,Gatineau,1
Canadá,Greater Sudbury,2
Canadá,Guelph,2
Canadá,Halifax,92
Canadá,Hamilton,10
Canadá,Kelowna,27
Canadá,Kingston,6
Canadá,Laval,1
Canadá,London,9
Canadá,Markham,3
Canadá,Mississauga,2
Canadá,Montreal,2243
Canadá,Oakville,25
Canadá,Oshawa,4
Canadá,Ottawa,362
Canadá,Quebec City,192
Canadá,Regina,15
Canadá,Richmond,1
Canadá,Richmond Hill,1
Canadá,Saanich,3
Canadá,Saguenay,4
Canadá,Saskatoon,43
Canadá,St Catharines,1
Canadá,St Johns,12
Canadá,Terrebonne,30
Canadá,Thunder Bay,19
Canadá,Toronto,11402
Canadá,Trois Rivieres,2
Canadá,Vancouver,1080
Canadá,Vaughan,1
Canadá,Whitby,9
Canadá,Windsor,18
Canadá,Winnipeg,149
Catar,Doha,88
Chad,Ndjamena,1
Chad,Sarh,3
Chile,Antofagasta,252
Chile,Arica,418
Chile,Calama,112
Chile,Chillan,18
Chile,Concepción,153
Chile,Copiapo,21
Chile,Coquimbo,23
Chile,Curico,15
Chile,El Bosque,2
Chile,Iquique,134
Chile,La Florida,2
Chile,La Pintana,1
Chile,La Serena,26
Chile,Las Condes,1
Chile,Los Ángeles,5
Chile,Maipú,19
Chile,Osorno,4
Chile,Peñalolén,2
Chile,Puerto Montt,71
Chile,Punta Arenas,92
Chile,Quilpué,72
Chile,Rancagua,7
Chile,San Bernardo,157
Chile,Santiago,24805
Chile,Talca,49
Chile,Talcahuano,1
Chile,Temuco,34
Chile,Valdivia,6
Chile,Valparaíso,74
Chile,Viña del Mar,41
China,Acheng,64
China,Akesu,9
China,Altay,11
China,Anda,5
China,Ankang,2
China,Anlu,1
China,Anshan,4
China,Anyang China,2
China,Baicheng,4
China,Baishan,3
China,Baiyin,4
China,Baoding,4
China,Baoji,2
China,Beian,17
China,Beihai,7
China,Beijing,548
China,Binzhou,1
China,Cangzhou,22
China,Changchun,11
China,Changde,2
China,Changsha,1
China,Changshu,1
China,Changzhi,2
China,Changzhou,1
China,Chaohu,1
China,Chengde,10
China,Chengdu,56
China,Chenzhou,2
China,Chibi,1
China,Chongqing,1
China,Chuxiong,1
China,Dalian,1
China,Emeishan City,3
China,Enshi,1
China,Foshan,2
China,Fu An,2
China,Fujin,3
China,Fuyang,1
China,Fuzhou Fujian,2
China,Fuzhou Jiangxi,9
China,Ganzhou,21
China,Gongzhuling,3
China,Guanghan,23
China,Guangshui,12
China,Guangyuan,3
China,Guangzhou,391
China,Haerbin,2
China,Haicheng,5
China,Hancheng China,8
China,Hangzhou,137
China,Hanzhong,13
China,Hengshui,2
China,Hong Kong Sar,84
China,Honghu,9
China,Huangshan,1
China,Huangshi Hubei,1
China,Huizhou,7
China,Huludao,1
China,Huozhou,1
China,Ji An Jiangxi,2
China,Jiamusi,1
China,Jiangyou,1
China,Kaifeng,1
China,Kaili,1
China,Laiwu,1
China,Liaocheng,2
China,Maanshan,1
China,Mianyang,1
China,Nanchang,1
China,Nanjing,33
China,Panjin,2
China,Pekin,68
China,Pingxiang,1
China,Qianjiang,10
China,Qingdao,4
China,Quanzhou,1
China,Sanmenxia,7
China,Sanming,2
China,Sanya,1
China,Shahe,16
China,Shanghai,1573
China,Shangluo,1
China,Shangqiu,2
China,Shangrao,1
China,Shangzhi,4
China,Shanwei,2
China,Shenyang,5
China,Shenzhen,10
China,Shuangcheng,2
China,Siping,1
China,Suihua,1
China,Suzhou Anhui,2
China,Suzhou Jiangsu,1
China,Taian,5
China,Taonan,1
China,Tianjin,1
China,Wafangdian,2
China,Wanxian,5
China,Weihui,1
China,Wendeng,4
China,Wuhan,2
China,Wuzhou,1
China,Xiamen,175
China,Xian,5
China,Yongzhou,1
China,Zaozhuang,1
China,Zhangjiajie,1
China,Zhangshu,2
China,Zhangzhou,1
China,Zhenjiang,3
China,Zhoukou,1
China,Zhuhai,11
Chipre,Limassol,3
Chipre,Nicosia,3
Colombia,Armenia,173
Colombia,Barrancabermeja,72
Colombia,Barranquilla,937
Colombia,Bello,123
Colombia,Bogotá Dc,44039
Colombia,Bucaramanga,502
Colombia,Buenaventura,642
Colombia,Buga,4
Colombia,Cali,5096
Colombia,Cartagena de Indias,3138
Colombia,Cártago,5
Colombia,Cúcuta,362
Colombia,Dos Quebradas,5
Colombia,Duitama,1
Colombia,Envigado,2
Colombia,Florencia Caquetá,5
Colombia,Floridablanca,2
Colombia,Girardot,2
Colombia,Ibagué,43
Colombia,Ipiales,219
Colombia,Maicao,3
Colombia,Manizales,86
Colombia,Medellín,4431
Colombia,Monteria,50
Colombia,Neiva,38
Colombia,Palmira,7
Colombia,Pasto,64577
Colombia,Pereira,554
Colombia,Popayan,12
Colombia,Santa Marta,390
Colombia,Sincelejo,6
Colombia,Soledad Atlantico,3
Colombia,Tulua,3
Colombia,Valledupar,102
Colombia,Villavicencio,6398
Comoras,Moroni,1
Congo,Brazzaville,1
Costa Rica,Alajuela,102
Costa Rica,Caldera,73
Costa Rica,Cártago,51
Costa Rica,Puntarenas,150
Costa Rica,San Jose,3396
Costa de Marfil,Abidjan,15
Croacia,Osijek,15
Croacia,Rijeka,14
Croacia,Split,26
Croacia,Zagreb,64
Cuba,Bayamo,4
Cuba,Camaguey,23
Cuba,Cienfuegos,12
Cuba,Guantanamo,16
Cuba,Holguin,509
Cuba,La Habana,5887
Cuba,Las Tunas,38
Cuba,Santa Clara,177
Cuba,Santiago de Cuba,4
Curazao,Willemstad,260
Dinamarca,Aalborg,72
Dinamarca,Arhus,40
Dinamarca,Copenhagen,701
Dinamarca,Odense,30
Dominica,Belfast,16
Dominica,Dominica,4
Dominica,Roseau,1
Egipto,A Larish,1
Egipto,Al Fayyum,1
Egipto,Al Mansurah,1
Egipto,Alexandria,9
Egipto,Asyut,1
Egipto,Cairo,137
Egipto,Damanhur,1
Egipto,Giza,2
Egipto,Portsaid,1
El Salvador,Ahuachapan,13
El Salvador,Apopa,19
El Salvador,Ciudad Delgado,11
El Salvador,Mejicanos,6
El Salvador,Nueva San Salvador,21
El Salvador,San Martin,79
El Salvador,San Miguel,15
El Salvador,San Salvador,2167
El Salvador,Santa Ana,1
Emiratos Árabes Unidos,Abu Dhabi,73
Emiratos Árabes Unidos,Al Ain,1
Emiratos Árabes Unidos,Dubai,450
Emiratos Árabes Unidos,Sharjah,3
Eslovaquia,Bratislava,35
Eslovaquia,Kosice,7
Eslovenia,Ljubljana,17
Eslovenia,Maribor,7
España,A Coruña,238
España,Albacete,107
España,Alcalá de Henares,80
España,Alcorcon,125
España,Algeciras,131
España,Alicante,1542
España,Almería,189
España,Badajoz,31
España,Badalona,8
España,Barakaldo,14
España,Barcelona,10711
España,Bilbao,726
España,Burgos,16
España,Cartagena,13
España,Castellón de la Plana,6
España,Cádiz,22
España,Córdoba,52
España,Elche,7
España,Fuenlabrada,6
España,Getafe,5
España,Gijón,6
España,Granada,118
España,Huelva,2
España,Jaén,12
España,Jerez de la Frontera,38
España,L Hospitalet de Llobregat,1
España,Las Palmas,159
España,Leganés,4
España,León,11
España,Lleida,6
España,Logroño,20
España,Madrid,60558
España,Mataró,5
España,Murcia,505
España,Málaga,642
España,Móstoles,2
España,Oviedo,115
España,Palma de Mallorca,1591
España,Pamplona,847
España,Sabadell,5
España,Salamanca,25
España,San Cristóbal de la Laguna,4
España,San Sebastián,214
España,Santa Coloma de Gramenet,4
España,Santa Cruz de Tenerife,67
España,Santander,98
España,Seville,395
España,Tarragona,14
España,Terrassa,27
España,Valencia,2046
España,Valladolid,24
España,Vigo,125
España,Vitoria Gasteiz,9
España,Zaragoza,91
Estados Unidos de América,Abilene Texas,208
Estados Unidos de América,Akron Ohio,356
Estados Unidos de América,Albuquerque New México,268
Estados Unidos de América,Alexandria Virginia,507
Estados Unidos de América,Allentown Pennsylvania,541
Estados Unidos de América,Amarillo Texas,194
Estados Unidos de América,Anaheim California,51
Estados Unidos de América,Anchorage Alaska,64
Estados Unidos de América,Ann Arbor Michigan,39
Estados Unidos de América,Antioch California,9
Estados Unidos de América,Arlington Texas,21
Estados Unidos de América,Arvada Colorado,13
Estados Unidos de América,Athens Clarke County Georgia,33
Estados Unidos de América,Atlanta Georgia,7582
Estados Unidos de América,Augusta Richmond County Georgia,7
Estados Unidos de América,Aurora Colorado,7
Estados Unidos de América,Aurora Illinois,4
Estados Unidos de América,Austin Texas,963
Estados Unidos de América,Bakersfield California,10
Estados Unidos de América,Baltimore Maryland,1025
Estados Unidos de América,Baton Rouge Louisiana,22
Estados Unidos de América,Bayamon Puerto Rico,1
Estados Unidos de América,Beaumont Texas,4
Estados Unidos de América,Bellevue Washington,90
Estados Unidos de América,Berkeley California,5
Estados Unidos de América,Billings Montana,45
Estados Unidos de América,Birmingham Alabama,77
Estados Unidos de América,Boise City Boise Idaho,76
Estados Unidos de América,Boston Massachusetts,3845
Estados Unidos de América,Bridgeport Connecticut,127
Estados Unidos de América,Brownsville Texas,45
Estados Unidos de América,Buffalo New York,517
Estados Unidos de América,Burbank California,25
Estados Unidos de América,Caguas Puerto Rico,4
Estados Unidos de América,Cambridge Massachusetts,8
Estados Unidos de América,Cape Coral Florida,17
Estados Unidos de América,Carolina Puerto Rico,10
Estados Unidos de América,Carrollton Texas,3
Estados Unidos de América,Cary North Carolina,86
Estados Unidos de América,Cedar Rapids Iowa,17
Estados Unidos de América,Chandler Arizona,37
Estados Unidos de América,Charleston South Carolina,343
Estados Unidos de América,Charlotte North Carolina,1954
Estados Unidos de América,Chattanooga Tennessee,31
Estados Unidos de América,Chicago Illinois,8675
Estados Unidos de América,Cincinnati Ohio,342
Estados Unidos de América,Clarksville Tennessee,15
Estados Unidos de América,Clearwater Florida,13
Estados Unidos de América,Cleveland Ohio,434
Estados Unidos de América,College Station Texas,15
Estados Unidos de América,Colorado Springs Colorado,74
Estados Unidos de América,Columbia Missouri,56
Estados Unidos de América,Columbia South Carolina,50
Estados Unidos de América,Columbus Georgia,46
Estados Unidos de América,Columbus Ohio,210
Estados Unidos de América,Concord California,16
Estados Unidos de América,Coral Springs Florida,13
Estados Unidos de América,Corona California,6
Estados Unidos de América,Corpus Christi Texas,161
Estados Unidos de América,Costa Mesa California,2
Estados Unidos de América,Dallas Texas,7880
Estados Unidos de América,Daly City California,14
Estados Unidos de América,Dayton Ohio,58
Estados Unidos de América,Denton Texas,23
Estados Unidos de América,Denver Colorado,1656
Estados Unidos de América,Des Moines Iowa,56
Estados Unidos de América,Detroit Michigan,689
Estados Unidos de América,Downey California,7
Estados Unidos de América,Durham North Carolina,70
Estados Unidos de América,Edison New Jersey,167
Estados Unidos de América,El Monte California,2
Estados Unidos de América,El Paso Texas,75
Estados Unidos de América,Elgin Illinois,2
Estados Unidos de América,Elizabeth New Jersey,167
Estados Unidos de América,Erie Pennsylvania,24
Estados Unidos de América,Eugene Oregón,43
Estados Unidos de América,Evansville Indiana,22
Estados Unidos de América,Everett Washington,14
Estados Unidos de América,Fairfield California,24
Estados Unidos de América,Fayetteville North Carolina,11
Estados Unidos de América,Fontana California,14
Estados Unidos de América,Fort Collins Colorado,566
Estados Unidos de América,Fort Lauderdale Florida,43056
Estados Unidos de América,Fort Wayne Indiana,38
Estados Unidos de América,Fort Worth Texas,30
Estados Unidos de América,Fremont California,11
Estados Unidos de América,Fresno California,17
Estados Unidos de América,Fullerton California,1
Estados Unidos de América,Gainesville Florida,40
Estados Unidos de América,Garden Grove California,2
Estados Unidos de América,Garland Texas,5
Estados Unidos de América,Gilbert Arizona,3
Estados Unidos de América,Glendale Arizona,5
Estados Unidos de América,Grand Prairie Texas,15
Estados Unidos de América,Grand Rapids Michigan,59
Estados Unidos de América,Green Bay Wisconsin,50
Estados Unidos de América,Greensboro North Carolina,94
Estados Unidos de América,Hartford Connecticut,236
Estados Unidos de América,Hayward California,4
Estados Unidos de América,Henderson Nevada,1
Estados Unidos de América,Hialeah Florida,18
Estados Unidos de América,Hollywood Florida,69
Estados Unidos de América,Honolulu Hawaii,115
Estados Unidos de América,Houston Texas,10362
Estados Unidos de América,Huntington Beach California,5
Estados Unidos de América,Huntsville Alabama,27
Estados Unidos de América,Independence Missouri,175
Estados Unidos de América,Indianápolis Indiana,398
Estados Unidos de América,Irving Texas,1
Estados Unidos de América,Jackson Mississippi,89
Estados Unidos de América,Jacksonville Florida,783
Estados Unidos de América,Jersey City New Jersey,784
Estados Unidos de América,Joliet Illinois,1
Estados Unidos de América,Kansas City Kansas,449
Estados Unidos de América,Kansas City Missouri,71
Estados Unidos de América,Killeen Texas,12
Estados Unidos de América,Knoxville Tennessee,34
Estados Unidos de América,Lafayette Louisiana,47
Estados Unidos de América,Lakewood Colorado,11
Estados Unidos de América,Lancaster California,7
Estados Unidos de América,Lansing Michigan,14
Estados Unidos de América,Laredo Texas,8
Estados Unidos de América,Las Vegas Nevada,1787
Estados Unidos de América,Lexington Fayette County Kentucky,85
Estados Unidos de América,Lincoln Nebraska,15
Estados Unidos de América,Little Rock Arkansas,67
Estados Unidos de América,Long Beach California,269
Estados Unidos de América,Los Ángeles California,11635
Estados Unidos de América,Louisville Jefferson County Kentucky,89
Estados Unidos de América,Lowell Massachusetts,3
Estados Unidos de América,Lubbock Texas,13
Estados Unidos de América,Madison Wisconsin,348
Estados Unidos de América,Manchester New Hampshire,30
Estados Unidos de América,Mcallen Texas,31
Estados Unidos de América,Mckinney Texas,11
Estados Unidos de América,Memphis Tennessee,75
Estados Unidos de América,Mesa Arizona,13
Estados Unidos de América,Mesquite Texas,6
Estados Unidos de América,Miami Florida,111128
Estados Unidos de América,Miami Gardens Florida,456
Estados Unidos de América,Midland Texas,36
Estados Unidos de América,Milwaukee Wisconsin,75
Estados Unidos de América,Minneapolis Minnesota,2219
Estados Unidos de América,Miramar Florida,9
Estados Unidos de América,Mobile Alabama,15
Estados Unidos de América,Montgomery Alabama,47
Estados Unidos de América,Moreno Valley California,7
Estados Unidos de América,Naperville Illinois,37
Estados Unidos de América,Nashville Davidson County Tennessee,638
Estados Unidos de América,New Haven Connecticut,196
Estados Unidos de América,New Orleans Louisiana,989
Estados Unidos de América,New York New York,103388
Estados Unidos de América,Newark New Jersey,22034
Estados Unidos de América,Norman Oklahoma,24
Estados Unidos de América,North Las Vegas Nevada,7
Estados Unidos de América,Norwalk California,32
Estados Unidos de América,Oakland California,43
Estados Unidos de América,Oceanside California,1
Estados Unidos de América,Oklahoma City Oklahoma,118
Estados Unidos de América,Olathe Kansas,6
Estados Unidos de América,Omaha Nebraska,103
Estados Unidos de América,Ontario California,42
Estados Unidos de América,Orange California,133
Estados Unidos de América,Orlando Florida,14577
Estados Unidos de América,Overland Park Kansas,3
Estados Unidos de América,Oxnard California,5
Estados Unidos de América,Palmdale California,17
Estados Unidos de América,Pasadena California,2
Estados Unidos de América,Pasadena Texas,1
Estados Unidos de América,Paterson New Jersey,59
Estados Unidos de América,Pearland Texas,7
Estados Unidos de América,Pembroke Pines Florida,16
Estados Unidos de América,Peoria Arizona,10
Estados Unidos de América,Peoria Illinois,6
Estados Unidos de América,Philadelphia Pennsylvania,1677
Estados Unidos de América,Phoenix Arizona,750
Estados Unidos de América,Pittsburgh Pennsylvania,304
Estados Unidos de América,Plano Texas,4
Estados Unidos de América,Pomona California,2
Estados Unidos de América,Pompano Beach Florida,4
Estados Unidos de América,Port St Lucie Florida,59
Estados Unidos de América,Portland Oregón,593
Estados Unidos de América,Providence Rhode Island,70
Estados Unidos de América,Provo Utah,20
Estados Unidos de América,Pueblo Colorado,5
Estados Unidos de América,Raleigh North Carolina,1039
Estados Unidos de América,Rancho Cucamonga California,1
Estados Unidos de América,Reno Nevada,86
Estados Unidos de América,Richmond California,124
Estados Unidos de América,Richmond Virginia,188
Estados Unidos de América,Riverside California,7
Estados Unidos de América,Rochester Minnesota,81
Estados Unidos de América,Rochester New York,84
Estados Unidos de América,Roseville California,2
Estados Unidos de América,Sacramento California,187
Estados Unidos de América,Saint Paul Minnesota,59
Estados Unidos de América,Salem Oregón,8
Estados Unidos de América,Salt Lake City Utah,913
Estados Unidos de América,San Antonio Texas,454
Estados Unidos de América,San Bernardino California,30
Estados Unidos de América,San Buenaventura Ventura California,1
Estados Unidos de América,San Diego California,645
Estados Unidos de América,San Francisco California,3103
Estados Unidos de América,San Jose California,107
Estados Unidos de América,San Juan Puerto Rico,43
Estados Unidos de América,Santa Ana California,64
Estados Unidos de América,Santa Clara California,6
Estados Unidos de América,Santa Clarita California,2
Estados Unidos de América,Santa Rosa California,8
Estados Unidos de América,Savannah Georgia,45
Estados Unidos de América,Scottsdale Arizona,4
Estados Unidos de América,Seattle Washington,1050
Estados Unidos de América,Shreveport Louisiana,12
Estados Unidos de América,Simi Valley California,8
Estados Unidos de América,Sioux Falls South Dakota,33
Estados Unidos de América,South Bend Indiana,28
Estados Unidos de América,Spokane Washington,48
Estados Unidos de América,Springfield Illinois,40
Estados Unidos de América,Springfield Massachusetts,17
Estados Unidos de América,Springfield Missouri,42
Estados Unidos de América,St Louis Missouri,247
Estados Unidos de América,St Petersburg Florida,5
Estados Unidos de América,Stamford Connecticut,79
Estados Unidos de América,Sterling Heights Michigan,1
Estados Unidos de América,Stockton California,7
Estados Unidos de América,Sunnyvale California,9
Estados Unidos de América,Syracuse New York,41
Estados Unidos de América,Tacoma Washington,54
Estados Unidos de América,Tallahassee Florida,27
Estados Unidos de América,Tampa Florida,2360
Estados Unidos de América,Tempe Arizona,27
Estados Unidos de América,Thornton Colorado,1
Estados Unidos de América,Thousand Oaks California,6
Estados Unidos de América,Toledo Ohio,13
Estados Unidos de América,Torrance California,1
Estados Unidos de América,Tucson Arizona,129
Estados Unidos de América,Tulsa Oklahoma,111
Estados Unidos de América,Tyler Texas,14
Estados Unidos de América,Vallejo California,3
Estados Unidos de América,Vancouver Washington,24
Estados Unidos de América,Virginia Beach Virginia,200
Estados Unidos de América,Visalia California,4
Estados Unidos de América,Waco Texas,25
Estados Unidos de América,Warren Michigan,2
Estados Unidos de América,Washington D C,5799
Estados Unidos de América,Waterbury Connecticut,20
Estados Unidos de América,West Covina California,10
Estados Unidos de América,West Palm Beach Florida,115
Estados Unidos de América,West Valley City Utah,7
Estados Unidos de América,Westminster Colorado,11
Estados Unidos de América,Wichita Kansas,70
Estados Unidos de América,Wilmington North Carolina,32
Estados Unidos de América,Winston Salem North Carolina,16
Estados Unidos de América,Woodbridge Township New Jersey,7
Estados Unidos de América,Worcester Massachusetts,13
Estados Unidos de América,Yonkers New York,940
Estonia,Tallinn,54
Estonia,Tartu,7
Etiopía,Addis Ababa,5
Etiopía,Dessie,2
Federación de Rusia,Abakan,33
Federación de Rusia,Achinsk,8
Federación de Rusia,Almetyevsk,14
Federación de Rusia,Angarsk,7
Federación de Rusia,Arkhangelsk,8
Federación de Rusia,Armavir,6
Federación de Rusia,Arzamas,1
Federación de Rusia,Balakovo,2
Federación de Rusia,Balashikha,1
Federación de Rusia,Belgorod,23
Federación de Rusia,Berezniki,2
Federación de Rusia,Chelyabinsk,3
Federación de Rusia,Dimitrovgrad,3
Federación de Rusia,Elektrostal,1
Federación de Rusia,Grozny,3
Federación de Rusia,Kirov,1
Federación de Rusia,Kislovodsk,1
Federación de Rusia,Komsomolsk On Amur,2
Federación de Rusia,Krasnodar,5
Federación de Rusia,Kyzyl,1
Federación de Rusia,Makhachkala,1
Federación de Rusia,Maykop,1
Federación de Rusia,Miass,7
Federación de Rusia,Moscow,915
Federación de Rusia,Novomoskovsk,1
Federación de Rusia,Obninsk,1
Federación de Rusia,Omsk,4
Federación de Rusia,Orenburg,1
Federación de Rusia,Penza,1
Federación de Rusia,Perm,2
Federación de Rusia,Petrozavodsk,1
Federación de Rusia,Prokopyevsk,1
Federación de Rusia,Rostov On Don,2
Federación de Rusia,Saint Petersburg,86
Federación de Rusia,Samara,4
Federación de Rusia,Shchyolkovo,1
Federación de Rusia,Smolensk,2
Federación de Rusia,Sochi,1
Federación de Rusia,Stavropol,1
Federación de Rusia,Sterlitamak,1
Federación de Rusia,Ufa,5
Federación de Rusia,Veliky Novgorod,1
Federación de Rusia,Vladimir,1
Filipinas,Antipolo City Rizal,3
Filipinas,Arayat Pampanga,1
Filipinas,Bacolod City,2
Filipinas,Bacoor Cavite,1
Filipinas,Cabanatuan City Nueva Ecija,1
Filipinas,Cabuyao City Laguna,3
Filipinas,Carcar Cebu,1
Filipinas,Cebu City,4
Filipinas,Ilagan Isabela,1
Filipinas,Mabalacat Pampanga,1
Filipinas,Malita Davao del Sur,1
Filipinas,Mandaluyong City,2
Filipinas,Mandaue City,1
Filipinas,Manila,207
Filipinas,Muntinlupa City,1
Filipinas,Navotas City,1
Filipinas,Quezon City,1
Filipinas,Silang Cavite,2
Filipinas,Sorsogon City Sorsogon,1
Filipinas,Toledo City Cebu,1
Filipinas,Valencia City Bukidnon,1
Filipinas,Ángeles City,14
Finlandia,Espoo,18
Finlandia,Helsinki,215
Finlandia,Jyvaskyla,3
Finlandia,Lahti,3
Finlandia,Oulu,1
Finlandia,Tampere,4
Finlandia,Vantaa,5
Francia,Aix En Provence,66
Francia,Amiens,40
Francia,Angers,39
Francia,Argenteuil,42
Francia,Avignon,32
Francia,Besancon,17
Francia,Bordeaux,222
Francia,Boulogne Billancourt,3
Francia,Brest,12
Francia,Caen,1
Francia,Clermont Ferrand,8
Francia,Dijon,4
Francia,Grenoble,7
Francia,Le Havre,8
Francia,Le Mans,9
Francia,Lille,5
Francia,Limoges,3
Francia,Lyon,333
Francia,Marseille,384
Francia,Montpellier,56
Francia,Montreuil,2
Francia,Mulhouse,21
Francia,Nancy,7
Francia,Nantes,164
Francia,Nice,151
Francia,Nimes,4
Francia,Orleans,5
Francia,Paris,5835
Francia,Perpignan,4
Francia,Reims,3
Francia,Rennes,8
Francia,Rouen,1
Francia,Saint Etienne,10
Francia,Strasbourg,39
Francia,Toulon,30
Francia,Toulouse,226
Francia,Tours,1
Francia,Villeurbanne,3
Gambia,Banjul,5
Georgia,Batumi,3
Georgia,Tbilisi,1
Ghana,Accra,14
Granada,Grenville,5
Granada,Saint Georges,3
Grecia,Athens,98
Grecia,Chania,2
Grecia,Kallithea,1
Grecia,Thessaloniki,1
Guadalupe,Basse Terre,2
Guatemala,Guatemala,1922
Guatemala,Quetzaltenango,51
Guayana Francesa,Cayenne,5
Guinea,Conakry,2
Guinea Ecuatorial,Malabo,8
Guyana,Georgetown,40
Haití,Cap Haitien,1
Haití,Carrefour,1
Haití,Delmas,1
Haití,Gonaives,2
Haití,Port Au Prince,47
Honduras,Choloma,26
Honduras,Choluteca,9
Honduras,El Progreso,8
Honduras,La Ceiba,4
Honduras,San Pedro Sula,188
Honduras,Tegucigalpa,757
Hong Kong (Región Administrativa Especial de China),Aberdeen,17
Hong Kong (Región Administrativa Especial de China),Ap Lei Chau,10
Hong Kong (Región Administrativa Especial de China),Causeway Bay,6
Hong Kong (Región Administrativa Especial de China),Cha Kwo Ling,1
Hong Kong (Región Administrativa Especial de China),Chai Wan,5
Hong Kong (Región Administrativa Especial de China),Fanling,1
Hong Kong (Región Administrativa Especial de China),Ha Kwai Chung,1
Hong Kong (Región Administrativa Especial de China),Hong Kong,85
Hong Kong (Región Administrativa Especial de China),Hong Kong Central,6
Hong Kong (Región Administrativa Especial de China),Hung Hom,1
Hong Kong (Región Administrativa Especial de China),Ting Kau,1
Hong Kong (Región Administrativa Especial de China),Yau Ma Tei,1
Hungría,Budapest,189
Hungría,Debrecen,12
Hungría,Kecskemet,1
Hungría,Miskolc,1
India,Abohar,10
India,Adoni,19
India,Agartala,3
India,Agra,7
India,Ahmedabad,3
India,Ahmednagar,1
India,Ambala,1
India,Arrah,1
India,Bally,1
India,Balurghat,1
India,Bangalore,8
India,Bankura,1
India,Baranagar,1
India,Beawar,3
India,Belgaum,4
India,Bhagalpur,2
India,Bhopal,1
India,Bokaro Steel City,3
India,Brahmapur,1
India,Budaun,4
India,Bulandshahr,1
India,Chandan Nagar,1
India,Chennai,13
India,Cherthala,1
India,Coimbatore,2
India,Dehradun,1
India,Delhi,69
India,Durg,2
India,Firozabad,1
India,Gaya,1
India,Godhra,1
India,Haridwar,1
India,Hindupur,1
India,Hyderabad India,2
India,Jaipur,1
India,Junagadh,3
India,Kannur,1
India,Kochi India,1
India,Latur,3
India,Maunath Bhanjan,1
India,Mumbai,68
India,Munger,2
India,Nabadwip,1
India,Nagpur,1
India,New Bombay,15
India,New Delhi,95
India,Neyveli,2
India,Ondal,1
India,Pune,3
India,Vadodara,1
India,Warangal,1
Indonesia,Ambon,8
Indonesia,Bali,31
Indonesia,Balikpapan,3
Indonesia,Bandjarmasin,1
Indonesia,Batam,2
Indonesia,Cirebon,1
Indonesia,Irian Jaya,1
Indonesia,Jakarta,54
Indonesia,Kediri,1
Indonesia,Malang,1
Indonesia,Padang,1
Indonesia,Pekanbaru,1
Indonesia,Surabaya,1
Indonesia,Yogyakarta,4
Irak,Amarah,2
Irak,Baghdad,7
Irak,Basra,2
Irak,Erbil,3
Irlanda,Cork,17
Irlanda,Dublín,172
Irlanda,Limerick,2
Irán,Abadan,5
Irán,Ahvaz,6
Irán,Amol,3
Irán,Arak,1
Irán,Mahabad,1
Irán,Masjed Soleyman,1
Irán,Shiraz,3
Irán,Tehran,40
Isla de Man,Peel,1
Islandia,Reykjavik,30
Islas Aland,Mariehamn Maarianhamina,2
Islas Caimán,Cayman Brac,1
Islas Caimán,Georgetown Grand Cayman,12
Islas Caimán,Grand Cayman,11
Islas Caimán,Little Cayman,1
Islas Marshall,Ailinglapalap Island,6
Islas Marshall,Airok,5
Islas Marshall,Arno,1
Islas Turcas y Caicos,Cockburn Town,2
Islas Turcas y Caicos,Middle Caicos,9
Islas Turcas y Caicos,Pine Cay,10
Islas Turcas y Caicos,Providenciales,13
Islas Turcas y Caicos,Salt Cay,4
Islas Vírgenes Británicas,Tortola,3
Islas Vírgenes Británicas,Virgin Gorda,1
Islas Vírgenes de los Estados Unidos,Saint Thomas,6
Israel,Ashdod,11
Israel,Ashkelon,13
Israel,Bat Yam,8
Israel,Beersheba,1
Israel,Bnei Brak,3
Israel,Haifa,1
Israel,Jerusalén,9
Israel,Ramat Gan,1
Israel,Rehovot,1
Israel,Tel Aviv,799
Italia,Bari,36
Italia,Bergamo,40
Italia,Bologna,523
Italia,Brescia,32
Italia,Cagliari,17
Italia,Catania,18
Italia,Ferrara,1
Italia,Florence,165
Italia,Genoa,677
Italia,Latina,11
Italia,Livorno,7
Italia,Messina,23
Italia,Milán,8729
Italia,Monza,7
Italia,Módena,3
Italia,Naples,43
Italia,Novara,6
Italia,Padua,5
Italia,Palermo,22
Italia,Parma,20
Italia,Perúgia,40
Italia,Pescara,7
Italia,Prato,2
Italia,Ravenna,72
Italia,Rimini,3
Italia,Roma,2462
Italia,Salerno,8
Italia,Sassari,3
Italia,Taranto,7
Italia,Terni,4
Italia,Trento,8
Italia,Trieste,3
Italia,Turín,171
Italia,Venice,513
Italia,Verona,12
Italia,Vicenza,6
Jamaica,Kingston Jamaica,95
Jamaica,Montego Bay,89
Japón,Abiko,7
Japón,Ageo,14
Japón,Aizuwakamatsu,6
Japón,Akashi,5
Japón,Akishima,5
Japón,Akita,3
Japón,Asahikawa,1
Japón,Daito,1
Japón,Ebetsu,1
Japón,Fuchu Tokyo,1
Japón,Fuji,1
Japón,Fukuoka,3
Japón,Handa,2
Japón,Higashihiroshima,1
Japón,Hiroshima,3
Japón,Joetsu,1
Japón,Kanazawa,1
Japón,Kobe,25
Japón,Kofu,1
Japón,Kyoto,4
Japón,Machida,5
Japón,Misato,1
Japón,Nagano,1
Japón,Nagasaki,2
Japón,Nagoya,29
Japón,Nara,35
Japón,Niigata,3
Japón,Niihama,2
Japón,Oita,1
Japón,Okazaki,1
Japón,Okinawa,2
Japón,Osaka,22
Japón,Sapporo,2
Japón,Tachikawa,3
Japón,Toda,3
Japón,Tokorozawa,8
Japón,Tokuyama,1
Japón,Tokyo,503
Japón,Toyokawa,2
Japón,Yamaguchi,1
Japón,Yokohama,25
Jordania,Amman,24
Jordania,Irbid,1
Jordania,Zarqa,5
Kazajistán,Aktau,1
Kazajistán,Almaty,5
Kazajistán,Astana,1
Kazajistán,Atyrau,1
Kazajistán,Kokshetau,1
Kazajistán,Oskemen,1
Kenia,Embu,1
Kenia,Kisumu,1
Kenia,Mombasa,2
Kenia,Nairobi,35
Kenia,Nakuru,1
Kiribati,Abemama,1
Kiribati,Aranuka,1
Kiribati,Christmas Island,73
Kiribati,Fanning Islands,1
Kiribati,Phoenix Islands,2
Kiribati,Tarawa Sur,3
Kuwait,Kuwait City,21
Lesoto,Maseru,3
Letonia,Daugavpils,10
Letonia,Riga,50
Liberia,Monrovia,4
Libia,Ajdabiya,2
Libia,Sabha,1
Libia,Tripoli,2
Liechtenstein,Balzers,1
Liechtenstein,Triesen,1
Lituania,Kaunas,12
Lituania,Klaipeda,8
Lituania,Panevezys,7
Lituania,Siauliai,1
Lituania,Vilnius,21
Luxemburgo,Luxembourg,85
Líbano,Beirut,77
Líbano,Tripoli,8
Malasia,Alor Setar,5
Malasia,Georgetown Penang,7
Malasia,Ipoh,1
Malasia,Johore Bharu,1
Malasia,Kota Bharu,1
Malasia,Kota Kinabalu,1
Malasia,Kuala Lumpur,53
Malasia,Kuching,1
Malasia,Malacca City,1
Malaui,Lilongwe,2
Malta,Attard,7
Malta,Balzan,6
Malta,Birgu,1
Malta,Bugibba,2
Malta,Saint Lucia,1
Malta,San Giljan,2
Malta,Valletta,1
Malí,Bamako,3
Marruecos,Agadir,6
Marruecos,Beni Melal,5
Marruecos,Casablanca,17
Marruecos,Fes,24
Marruecos,Marrakech,7
Marruecos,Oujda,1
Marruecos,Rabat,10
Marruecos,Safi,1
Marruecos,Tangier,1
Martinica,Fort de France,1
Mauricio,Beaubassin,2
Mauricio,Portlouis,3
Mauritania,Nouakchott,1
Montenegro,Podgorica,10
Mozambique,Maputo,6
Myanmar,Bago,3
Myanmar,Mandalay,1
Myanmar,Meiktila,1
Myanmar,Yangon Rangoon,2
México,Acapulco,197
México,Aguascalientes,190
México,Buenavista,123
México,Campeche,232
México,Cancun,16123
México,Celaya,33
México,Chalco de Diaz Covarrubias,8
México,Chetumal,4
México,Chicoloapan de Juarez,3
México,Chihuahua,74
México,Chilpancingo,3
México,Ciudad Acuña,7
México,Ciudad Benito Juarez,133
México,Ciudad Cuauhtemoc,1
México,Ciudad Madero,1
México,Ciudad Nicolas Romero,4
México,Ciudad Obregon,11
México,Ciudad Valles,3
México,Ciudad Victoria,1
México,Ciudad del Carmen,17
México,Colima,11
México,Cuautitlan,1
México,Cuernavaca,27
México,Culiacan,30
México,Durango,25
México,Ecatepec,60
México,Ensenada,7
México,Fresnillo,6
México,Gomez Palacio,1
México,Guadalajara,1148
México,Guadalupe,6
México,Guaymas,1
México,Hermosillo,54
México,Hidalgo del Parral,1
México,Iguala,4
México,Juarez,102
México,La Paz,24
México,León,144
México,Los Mochis,11
México,Manzanillo,398
México,Matamoros,9
México,Mazatlan,75
México,Merida,272
México,Mexicali,1821
México,Mexico City,46212
México,Minatitlan,19
México,Miramar,2
México,Monterrey,757
México,Morelia,24
México,Naucalpan,2
México,Nogales,1
México,Nuevo Laredo,1
México,Oaxaca,26
México,Ojo de Agua,1
México,Orizaba,2
México,Pachuca,5
México,Piedras Negras,5
México,Playa del Carmen,72
México,Poza Rica,1
México,Puebla,77
México,Puerto Vallarta,331
México,Queretaro,82
México,Reynosa,6
México,Salamanca,2
México,Saltillo,2
México,San Cristobal de las Casas,2
México,San Juan Bautista Tuxtepec,1
México,San Luis Potosi,66
México,San Luis Río Colorado,8
México,San Nicolas de los Garza,2
México,San Pablo de las Salinas,2
México,San Pedro Garza Garcia,1
México,Santa Catarina,1
México,Tampico,17
México,Tapachula,60
México,Tehuacan,3
México,Tepexpan,1
México,Tijuana,273
México,Tlalnepantla,1
México,Toluca,141
México,Torreon,38
México,Tulancingo,8
México,Tuxtla Gutierrez,20
México,Veracruz,73
México,Villahermosa,84
México,Xalapa,6
México,Xico,20
México,Zacatecas,13
Mónaco,Mónaco,6
Nepal,Bharatpur,1
Nepal,Birgunj,1
Nepal,Kathmandu,3
Nicaragua,Chinandega,41
Nicaragua,Granada Nicaragua,28
Nicaragua,León,3
Nicaragua,Managua,445
Nigeria,Abeokuta,1
Nigeria,Abia,2
Nigeria,Abuja,10
Nigeria,Benin City,1
Nigeria,Lagos,6
Noruega,Bergen,41
Noruega,Oslo,304
Noruega,Stavanger,57
Noruega,Trondheim,30
Nueva Caledonia,Baie de Prony,1
Nueva Zelanda,Auckland,120
Nueva Zelanda,Christchurch,13
Nueva Zelanda,Dunedin,9
Nueva Zelanda,Hamilton,13
Nueva Zelanda,Wellington,14
Níger,Maradi,3
Níger,Zinder,2
Omán,Muscat,26
Pakistán,Abbottabad,9
Pakistán,Bahawalnagar,6
Pakistán,Bahawalpur,4
Pakistán,Bhalwal,3
Pakistán,Burewala,1
Pakistán,Chiniot,2
Pakistán,Dera Ghazi Khan,1
Pakistán,Ghotki,3
Pakistán,Gilgit,1
Pakistán,Gojra,1
Pakistán,Islamabad,16
Pakistán,Lahore,37
Pakistán,Mangora,1
Pakistán,Multan,6
Pakistán,Okara,1
Pakistán,Sheikhupura,5
Pakistán,Tando Adam Khan,1
Palestina,Gaza,1
Palestina,Ramallah,3
Panamá,Ciudad de Colón,1749
Panamá,Panamá City,22876
Panamá,San Miguelito City,50
Papúa Nueva Guinea,Port Moresby,8
Paraguay,Asunción,1559
Paraguay,Capiatá,1
Paraguay,Ciudad del Este,3
Paraguay,Fernando de la Mora,3
Paraguay,Lambaré,3
Paraguay,San Lorenzo,2
Países Bajos,Almere,11
Países Bajos,Amersfoort,79
Países Bajos,Amsterdam,7682
Países Bajos,Apeldoorn,18
Países Bajos,Arnhem,12
Países Bajos,Breda,6
Países Bajos,Dordrecht,2
Países Bajos,Eindhoven,2
Países Bajos,Enschede,1
Países Bajos,Groningen,3
Países Bajos,Haarlem,2
Países Bajos,Leiden,2
Países Bajos,Maastricht,51
Países Bajos,Nijmegen,10
Países Bajos,Rotterdam,12
Países Bajos,The Hague,1
Países Bajos,Tilburg,2
Países Bajos,Utrecht,1
Países Bajos,Zaanstad,1
Países Bajos,Zwolle,4
Perú,Arequipa,183
Perú,Ayacucho,4
Perú,Cajamarca,129
Perú,Callao,174
Perú,Chiclayo,129
Perú,Chimbote,68
Perú,Chincha Alta,5
Perú,Cuzco,1276
Perú,Huancayo,2
Perú,Huánuco,1
Perú,Ica,212
Perú,Iquitos,73
Perú,Juliaca,19
Perú,Lima,27585
Perú,Paita,2196
Perú,Piura,13575
Perú,Pucallpa,18
Perú,Puno,1
Perú,Tacna,67
Perú,Talara,31
Perú,Tarapoto,17
Perú,Trujillo,182
Perú,Tumbes,112610
Polinesia francesa,Islas Marquesas,340
Polinesia francesa,Papeete,18
Polinesia francesa,Thaiti,15
Polonia,Bialystok,51
Polonia,Bielsko Biala,33
Polonia,Bydgoszcz,9
Polonia,Bytom,21
Polonia,Chorzow,9
Polonia,Czestochowa,7
Polonia,Dabrowa Gornicza,4
Polonia,Gdansk,41
Polonia,Gdynia,1
Polonia,Gliwice,2
Polonia,Gorzow Wielkopolski,1
Polonia,Grudziadz,1
Polonia,Kalisz,1
Polonia,Katowice,1
Polonia,Kielce,1
Polonia,Koszalin,3
Polonia,Krakow,63
Polonia,Lodz,2
Polonia,Lublin,4
Polonia,Olsztyn,1
Polonia,Opole,2
Polonia,Plock,1
Polonia,Poznan,13
Polonia,Radom,2
Polonia,Sosnowiec,1
Polonia,Szczecin,8
Polonia,Torun,1
Polonia,Varsovia,93
Polonia,Walbrzych,7
Polonia,Warsaw,148
Polonia,Wroclaw,3
Polonia,Zabrze,1
Portugal,Almada,18
Portugal,Amadora,7
Portugal,Braga,11
Portugal,Coimbra,8
Portugal,Funchal,11
Portugal,Lisbon,602
Portugal,Porto,123
Portugal,Vila Nova de Gaia,1
Puerto Rico,Arecibo,26
Puerto Rico,Bayamon,31
Puerto Rico,Caguas,14
Puerto Rico,Carolina,9
Puerto Rico,Guaynabo,10
Puerto Rico,Mayaguez,3
Puerto Rico,San Juan,1066
Reino Unido,Aberdeen,56
Reino Unido,Basildon,29
Reino Unido,Belfast,19
Reino Unido,Birmingham,181
Reino Unido,Blackburn,26
Reino Unido,Blackpool,12
Reino Unido,Bolton,3
Reino Unido,Bournemouth,7
Reino Unido,Bradford,3
Reino Unido,Brighton And Hove,5
Reino Unido,Bristol,44
Reino Unido,Cambridge,7
Reino Unido,Cardiff,8
Reino Unido,Chelmsford,1
Reino Unido,Derby,1
Reino Unido,Dudley,1
Reino Unido,Dundee,2
Reino Unido,Edinburgh,92
Reino Unido,Exeter,2
Reino Unido,Glasgow,46
Reino Unido,High Wycombe,9
Reino Unido,Huddersfield,13
Reino Unido,Ipswich,3
Reino Unido,Kingston Upon Hull,10
Reino Unido,Leeds,48
Reino Unido,Leicester,4
Reino Unido,Liverpool,10
Reino Unido,London,7191
Reino Unido,Luton,1
Reino Unido,Maidstone,4
Reino Unido,Manchester,394
Reino Unido,Middlesbrough,2
Reino Unido,Milton Keynes,2
Reino Unido,Newcastle Upon Tyne,42
Reino Unido,Norwich,40
Reino Unido,Nottingham,2
Reino Unido,Oldham,12
Reino Unido,Oxford,6
Reino Unido,Peterborough,1
Reino Unido,Plymouth,2
Reino Unido,Poole,1
Reino Unido,Portsmouth,1
Reino Unido,Preston,1
Reino Unido,Reading,3
Reino Unido,Stoke On Trent,1
Reino Unido,West Bromwich,2
Reino Unido,Wolverhampton,1
República Centroafricana,Bangui,2
República Centroafricana,Bimbo,1
República Checa,Brno,13
República Checa,Liberec,8
República Checa,Olomouc,17
República Checa,Ostrava,5
República Checa,Pilsen,7
República Checa,Prague,377
República Democrática del Congo,Goma,1
República Dominicana,La Romana,27
República Dominicana,Los Alcarrizos,15
República Dominicana,Punta Cana,1288
República Dominicana,Salvaleón de Higuey,9
República Dominicana,San Cristobal,15
República Dominicana,San Felipe de Puerto Plata,8
República Dominicana,San Francisco de Macoris,2
República Dominicana,San Pedro de Macoris,3
República Dominicana,Santiago de Los Caballeros,108
República Dominicana,Santo Domingo,1756
República de Corea del Sur,Andong,16
República de Corea del Sur,Ansan,14
República de Corea del Sur,Anyang South Korea,7
República de Corea del Sur,Changwon,5
República de Corea del Sur,Cheju,2
República de Corea del Sur,Cheonan,3
República de Corea del Sur,Cheongju,2
República de Corea del Sur,Gyeongju,3
República de Corea del Sur,Inchon Incheon,34
República de Corea del Sur,Jecheon,3
República de Corea del Sur,Jeongju,3
República de Corea del Sur,Jeonju,1
República de Corea del Sur,Kunsan Gunsan,1
República de Corea del Sur,Pohang,1
República de Corea del Sur,Pusan Busan,41
República de Corea del Sur,Seongnam,1
República de Corea del Sur,Seoul,493
República de Corea del Sur,Suncheon South Korea,1
República de Corea del Sur,Taebaek,1
República de Corea del Sur,Taejon Daejeon,1
República de Corea del Sur,Ulsan,16
República de Corea del Sur,Yosu,1
República de Moldovia,Zapopan,2
República Árabe Siria,Damascus,4
República Árabe Siria,Latakia,3
República Árabe Siria,Qamishli,1
Ruanda,Kigali,8
Rumania,Arad,9
Rumania,Bacau,20
Rumania,Baia Mare,2
Rumania,Botosani,1
Rumania,Braila,1
Rumania,Brasov,2
Rumania,Bucharest,86
Rumania,Buzau,1
Rumania,Cluj Napoca,2
Rumania,Drobeta Turnu Severin,1
Rumania,Galati,1
Rumania,Oradea,1
Rumania,Pitesti,1
Rumania,Timisoara,4
Samoa,Asau,2
Samoa Americana,Tau,1
Samoa Americana,Yucca,1
San Bartolomé,Gustavia,1
San Cristóbal y Nieves,Basseterre Saint Kitts,1
San Martín (Parte francesa),Galisbay,27
San Martín (Parte francesa),Grand Case,2
San Martín (Parte francesa),Grandes Cayes,2
San Martín (Parte francesa),Marigot,11
San Vicente y las Granadinas,Kingstown,1
Santa Lucía,Castries,3
Senegal,Dakar,16
Serbia,Belgrade,28
Serbia,Cacak,3
Serbia,Pristina,2
Seychelles,Mahe,2
Seychelles,Port Victoria,1
Singapur,Singapore,70
Sint Maarten (Parte Holandesa),Cay Bay,3
Sint Maarten (Parte Holandesa),Gallis Bay,1
Sint Maarten (Parte Holandesa),Marigot,3
Sint Maarten (Parte Holandesa),Philipsburg,13
Somalia,Baidoa,3
Somalia,Berbera,1
Somalia,Hargeisa,2
Sri Lanka,Colombo Sri Lanka,6
Sri Lanka,Dehiwala Mount Lavinia,2
Sri Lanka,Kandy,1
Sudáfrica,Alexandra,2
Sudáfrica,Benoni,4
Sudáfrica,Bloemfontein,5
Sudáfrica,Boksburg,3
Sudáfrica,Cape Town,16
Sudáfrica,Chatsworth Durban,1
Sudáfrica,Durban,1
Sudáfrica,Johannesburg,55
Sudáfrica,Katlehong,3
Sudáfrica,Kempton Park,10
Sudáfrica,Khutsong,1
Sudáfrica,Newcastle,1
Sudáfrica,Nongoma,1
Sudáfrica,Richards Bay,1
Sudáfrica,Vryheid,1
Sudán,Al Fashir,1
Sudán,Juba,1
Sudán,Khartoum,1
Sudán,Port Sudan,1
Sudán del Sur,Aweil,1
Sudán del Sur,Juba,3
Sudán del Sur,Wau,1
Suecia,Eskilstuna,119
Suecia,Gothenburg,200
Suecia,Malmo,26
Suecia,Orebro,7
Suecia,Stockholm,785
Suecia,Uppsala,3
Suecia,Vasteras,6
Suiza,Basel,234
Suiza,Bern,51
Suiza,Geneva,1460
Suiza,Lausanne,55
Suiza,Montreux,17
Suiza,Winterthur,2
Suiza,Zurich,2443
Surinam,Paramaribo,26
Tailandia,Bangkok,102
Tailandia,Chiang Mai,1
Tailandia,Hat Yai,2
Tailandia,Khon Kaen,1
Taiwán (República de China),Changhua,8
Taiwán (República de China),Chiayi,7
Taiwán (República de China),Douliou,1
Taiwán (República de China),Hsinchu,2
Taiwán (República de China),Hualien,7
Taiwán (República de China),Jhubei,2
Taiwán (República de China),Kaohsiung,7
Taiwán (República de China),Keelung,1
Taiwán (República de China),New Taipei,10
Taiwán (República de China),Taichung,2
Taiwán (República de China),Tainan,3
Taiwán (República de China),Taipei,99
Tanzania (República Unida de) ,Arusha,1
Tanzania (República Unida de) ,Dar Es Salaam,5
Tanzania (República Unida de) ,Dodoma,1
Tanzania (República Unida de) ,Tanga,1
Tanzania (República Unida de) ,Zanzibar,1
Tayikistán,Qurghonteppa,1
Timor-Leste,Dili,1
Togo,Lome,2
Trinidad y Tobago,Arima,1
Trinidad y Tobago,Chaguanas,2
Trinidad y Tobago,Couva,4
Trinidad y Tobago,Diego Martin,1
Trinidad y Tobago,La Horquetta,1
Trinidad y Tobago,Point Fortin,1
Trinidad y Tobago,Port Of Spain,55
Trinidad y Tobago,San Fernando,4
Trinidad y Tobago,Tobago,2
Turkmenistán,Ashgabat,1
Turquía,Adana,12
Turquía,Adapazari,4
Turquía,Adiyaman,5
Turquía,Afyon,3
Turquía,Aksaray,6
Turquía,Ankara,8
Turquía,Antakya,5
Turquía,Antalya,1
Turquía,Aydin,1
Turquía,Balikesir,1
Turquía,Batman,1
Turquía,Bolu,1
Turquía,Corlu,1
Turquía,Elazig,2
Turquía,Erzincan,2
Turquía,Erzurum,1
Turquía,Eskisehir,5
Turquía,Gaziantep,4
Turquía,Iskenderun,3
Turquía,Istanbul,361
Turquía,Izmir,1
Turquía,Mersin,2
Turquía,Trabzon,1
Túnez,Bizerte,1
Túnez,Kairouan,1
Túnez,Sfax,1
Túnez,Tunis,4
Ucrania,Alchevsk,30
Ucrania,Berdyansk,23
Ucrania,Bila Tserkva,9
Ucrania,Cherkasy,8
Ucrania,Chernihiv,10
Ucrania,Chernivtsi,7
Ucrania,Dniprodzerzhynsk,1
Ucrania,Donetsk,1
Ucrania,Horlivka,3
Ucrania,Ivano Frankivsk,1
Ucrania,Kamianets Podilskyi,6
Ucrania,Kerch,5
Ucrania,Kharkiv,3
Ucrania,Khmelnytskyi,2
Ucrania,Kiev,253
Ucrania,Kryvyi Rih,4
Ucrania,Lviv,1
Ucrania,Mariupol,1
Ucrania,Melitopol,1
Ucrania,Mykolaiv,1
Ucrania,Odessa,24
Ucrania,Pavlohrad,1
Ucrania,Sloviansk,1
Ucrania,Uzhhorod,1
Ucrania,Vinnytsia,2
Ucrania,Zaporizhia,2
Uganda,Kampala,15
Uruguay,Montevideo,1787
Uruguay,Salto Uruguay,22
Uzbekistán,Fergana,1
Uzbekistán,Samarkand,1
Uzbekistán,Urgench,2
Venezuela,Acarigua,11
Venezuela,Araure,9
Venezuela,Barcelona Venezuela,8
Venezuela,Barinas,9
Venezuela,Barquisimeto,33
Venezuela,Cabimas,17
Venezuela,Caracas,4642
Venezuela,Catia La Mar,1
Venezuela,Ciudad Guayana,1
Venezuela,Coro,10
Venezuela,Cumana,4
Venezuela,Guanare,1
Venezuela,Guarenas,2
Venezuela,Los Teques,2
Venezuela,Maracaibo,236
Venezuela,Maracay,8
Venezuela,Maturin,2
Venezuela,Merida Venezuela,17
Venezuela,Petare,2
Venezuela,Puerto Cabello,3
Venezuela,San Cristobal,4
Venezuela,Valencia Venezuela,291
Venezuela,Valera,2
Vietnam,Buon Ma Thuot,9
Vietnam,Cam Pha,3
Vietnam,Can Tho,1
Vietnam,Da Lat,1
Vietnam,Da Nang,1
Vietnam,Haiphong,1
Vietnam,Hanoi,2
Vietnam,Ho Chi Minh City,9
Vietnam,Hue,2
Vietnam,Vinh,5
Vietnam,Vung Tau,2
Yemen,Aden,30
Yemen,Hodeidah,5
Yemen,Sana A,1
Yemen,Taiz,2
Zambia,Lusaka,2
Zambia,Ndola,1
Zimbabue,Bulawayo,4
Zimbabue,Gweru,1
Zimbabue,Harare,2
